a|a|a@mail.com|miembro|123
b|b|b@mail.com|gerente|123
Rochette|Read|.@yopmail.com|miembro|3
Jany|Nikaniki|.@yopmail.com|gerente|3a	a	aaaa
Fayre|Pernick|.@yopmail.com|gerente|4
Claudina|McCutcheon|.@yopmail.com|gerente|3
Nickie|Honoria|.@yopmail.com|miembro|4
Marnia|Phyllis|.@yopmail.com|gerente|3
Arlina|Olympium|.@yopmail.com|miembro|1
Doralynne|Taima|.@yopmail.com|gerente|1
Karly|Thad|.@yopmail.com|miembro|2
Alisha|Lissi|.@yopmail.com|miembro|4
Janeczka|Baptlsta|.@yopmail.com|miembro|4
Glenda|Yuille|.@yopmail.com|gerente|3
Judy|Revkah|.@yopmail.com|miembro|3
Patricia|Latini|.@yopmail.com|miembro|2
Deirdre|Yuille|.@yopmail.com|miembro|4
Gaylene|Cyrie|.@yopmail.com|miembro|1
Estella|Libna|.@yopmail.com|gerente|2
Anthia|Tacye|.@yopmail.com|gerente|1
Zsa Zsa|Firmin|.@yopmail.com|gerente|2
Cristine|Merriott|.@yopmail.com|miembro|3
Dale|Cressida|.@yopmail.com|gerente|3
Philis|Douglass|.@yopmail.com|gerente|2
Mignon|Alfons|.@yopmail.com|miembro|1
Sissy|McClimans|.@yopmail.com|miembro|3
Pearline|Grimbly|.@yopmail.com|gerente|3
Daryl|Munn|.@yopmail.com|gerente|2
Agnese|Kelula|.@yopmail.com|gerente|4
Rayna|Bettine|.@yopmail.com|miembro|4
Marguerite|Korey|.@yopmail.com|gerente|4
Arabel|Dosia|.@yopmail.com|gerente|3
Ida|Kenney|.@yopmail.com|gerente|4
Gabriellia|Erskine|.@yopmail.com|gerente|1
Gwenneth|Halsey|.@yopmail.com|gerente|3
Ardys|Meli|.@yopmail.com|miembro|2
Sindee|Etom|.@yopmail.com|gerente|1
Minda|Jagir|.@yopmail.com|miembro|2
Lyssa|Shama|.@yopmail.com|gerente|2
Gabi|Jacqui|.@yopmail.com|miembro|1
Tersina|Wesle|.@yopmail.com|miembro|2
Dorene|Matthew|.@yopmail.com|miembro|2
Gabriellia|Riva|.@yopmail.com|miembro|3
Marcelline|Glovsky|.@yopmail.com|gerente|3
Lorne|Alejoa|.@yopmail.com|miembro|4
Genevra|Sisile|.@yopmail.com|gerente|1
Rhea|Mike|.@yopmail.com|miembro|4
Melisent|Jagir|.@yopmail.com|miembro|4
Ursulina|Izaak|.@yopmail.com|miembro|2
Jany|Rosemary|.@yopmail.com|gerente|1
Sheree|Firmin|.@yopmail.com|miembro|4
Barbara|Stevy|.@yopmail.com|miembro|3
Nananne|Koehler|.@yopmail.com|gerente|3
Jessy|Jerold|.@yopmail.com|gerente|4
Jenda|Mitzi|.@yopmail.com|miembro|2
Corene|Gaynor|.@yopmail.com|miembro|4
Isa|Boycey|.@yopmail.com|miembro|3
Caritta|Boycey|.@yopmail.com|miembro|1
Marcy|Korey|.@yopmail.com|gerente|4
Allyce|Ophelia|.@yopmail.com|gerente|1
Oralee|Halla|.@yopmail.com|miembro|3
Elsie|Sundin|.@yopmail.com|miembro|2
Nariko|Gibbeon|.@yopmail.com|miembro|2
Delilah|Hanshaw|.@yopmail.com|miembro|2
Ebonee|Konyn|.@yopmail.com|miembro|2
Anica|Wesle|.@yopmail.com|miembro|2
Kerrin|Tremayne|.@yopmail.com|gerente|4
Tori|Niccolo|.@yopmail.com|miembro|4
Juliane|Bevin|.@yopmail.com|gerente|4
Roseline|Malina|.@yopmail.com|gerente|3
Malina|Bergman|.@yopmail.com|miembro|4
Alexine|Solitta|.@yopmail.com|gerente|1
Allyce|Hewitt|.@yopmail.com|gerente|4
Kenna|Johnsson|.@yopmail.com|miembro|2
Glenda|Lissi|.@yopmail.com|gerente|4
Kimberley|Liebermann|.@yopmail.com|gerente|4
Beatriz|Georgy|.@yopmail.com|miembro|3
Goldie|Plato|.@yopmail.com|miembro|2
Sarette|Cornelia|.@yopmail.com|gerente|2
Valli|Iiette|.@yopmail.com|miembro|3
Alexine|Boycey|.@yopmail.com|miembro|3
Ebonee|Eiser|.@yopmail.com|miembro|4
Adelle|Euridice|.@yopmail.com|gerente|1
Gertrud|Hillel|.@yopmail.com|gerente|2
Vivia|Hull|.@yopmail.com|miembro|2
Deloria|Cristi|.@yopmail.com|miembro|1
Elbertina|Braun|.@yopmail.com|gerente|1
Annabela|Kosey|.@yopmail.com|miembro|1
Ardys|Toni|.@yopmail.com|gerente|2
Tera|Stanwood|.@yopmail.com|miembro|4
Deane|Caitlin|.@yopmail.com|gerente|2
Berta|Etom|.@yopmail.com|gerente|4
Lily|Gaspard|.@yopmail.com|gerente|4
Theodora|Kelula|.@yopmail.com|gerente|4
Deirdre|Uird|.@yopmail.com|miembro|4
Linzy|Schenck|.@yopmail.com|miembro|4
Pollyanna|Uird|.@yopmail.com|miembro|3
Dale|Nahum|.@yopmail.com|miembro|2
Cindelyn|Ephrem|.@yopmail.com|miembro|1
Gilligan|Suk|.@yopmail.com|miembro|4
Kerrin|Mozelle|.@yopmail.com|miembro|1
Cathyleen|Elephus|.@yopmail.com|miembro|4
